factor,groups,f_value,p_value,permutations
beach,2,0.3090158013046687,0.5623,9999
season,4,0.8907204401977932,0.3441,9999
