term,df,sum_of_squares,r_squared,pseudo_f,p_value,permutations
beach,1,0.8441541233138181,0.138861441891419,4.929152407806997,0.002,9999
season,3,0.9238488852422643,0.1519710497781098,1.7981676692187105,0.0523,9999
beach:season,3,1.570988656896532,0.2584240769154165,3.057752254363424,0.0014,9999
