beach,season,n_transects,total_items,mean_items,sd_items,median_items,minimum_items,maximum_items,mean_95ci_low,mean_95ci_high
Ilha do Pontal,Autumn,3,68,22.666666666666668,25.383721817994566,15.0,2,51,6.333333333333332,51.0
Ilha do Pontal,Spring,3,48,16.0,13.0,9.0,8,31,8.333333333333334,31.0
Ilha do Pontal,Summer,3,8,2.6666666666666665,2.5166114784235836,3.0,0,5,0.0,5.0
Ilha do Pontal,Winter,3,120,40.0,24.269322199023193,27.0,25,68,25.666666666666668,68.0
Praia Brava,Autumn,3,89,29.666666666666668,28.21937868439582,17.0,10,62,12.333333333333334,62.0
Praia Brava,Spring,3,364,121.33333333333333,77.43599507550306,87.0,67,210,73.66666666666667,210.0
Praia Brava,Summer,3,161,53.666666666666664,35.019042438840806,36.0,31,94,32.666666666666664,94.0
Praia Brava,Winter,3,2063,687.6666666666666,564.2918866449644,443.0,287,1333,339.0,1333.0
