factor,groups,pseudo_f,p_value,permutations
beach,2,3.5475727951622207,0.0085,9999
season,4,1.194700171012999,0.2744,9999
